month_start,post_volume,pct_negative,pct_neutral,pct_positive,avg_sentiment_neg1_1,std_sentiment_neg1_1,pct_negative_smooth,pct_neutral_smooth,pct_positive_smooth,avg_sentiment_smooth,std_sentiment_smooth
2015-05-01,1,0.0,100.0,0.0,0.0,0.0,17.86,75.0,7.14,-0.1072,0.337
2015-07-01,28,35.714285714285715,50.0,14.285714285714286,-0.2143,0.6739,16.67,78.57,4.76,-0.1191,0.3413
2017-03-01,14,14.285714285714286,85.71428571428571,0.0,-0.1429,0.3499,16.67,67.46,15.87,-0.008,0.4984
2018-10-01,6,0.0,66.66666666666667,33.333333333333336,0.3333,0.4714,21.43,67.46,11.11,-0.1032,0.4404
2018-11-01,2,50.0,50.0,0.0,-0.5,0.5,40.91,47.98,11.11,-0.298,0.4723
2019-07-01,11,72.72727272727273,27.272727272727273,0.0,-0.7273,0.4454,40.91,59.09,0.0,-0.4091,0.3151
2019-11-01,1,0.0,100.0,0.0,0.0,0.0,24.24,49.09,26.67,0.0242,0.2818
2019-12-01,10,0.0,20.0,80.0,0.8,0.4,0.0,40.0,60.0,0.6,0.1333
2020-01-01,1,0.0,0.0,100.0,1.0,0.0,0.0,40.0,60.0,0.6,0.1333
2020-10-01,1,0.0,100.0,0.0,0.0,0.0,0.0,56.67,43.33,0.4333,0.1528
2020-11-01,10,0.0,70.0,30.0,0.3,0.4583,0.0,90.0,10.0,0.1,0.1528
2021-01-01,1,0.0,100.0,0.0,0.0,0.0,20.83,69.17,10.0,-0.1083,0.3141
2021-10-01,8,62.5,37.5,0.0,-0.625,0.4841,42.05,54.92,3.03,-0.3902,0.3799
2022-01-01,11,63.63636363636363,27.272727272727273,9.090909090909092,-0.5455,0.6556,64.27,32.7,3.03,-0.6124,0.537
2022-02-01,3,66.66666666666667,33.333333333333336,0.0,-0.6667,0.4714,58.59,35.35,6.06,-0.5253,0.5899
2022-03-01,11,45.45454545454545,45.45454545454545,9.090909090909092,-0.3636,0.6428,54.04,36.26,9.7,-0.4434,0.6317
2022-04-01,10,50.0,30.0,20.0,-0.3,0.781,65.15,25.15,9.7,-0.5545,0.4746
2022-05-01,1,100.0,0.0,0.0,-1.0,0.0,65.15,25.15,9.7,-0.5545,0.4746
2022-08-01,11,45.45454545454545,45.45454545454545,9.090909090909092,-0.3636,0.6428,57.58,36.36,6.06,-0.5151,0.4059
2022-12-01,11,27.272727272727273,63.63636363636363,9.090909090909092,-0.1818,0.575,24.24,61.36,14.39,-0.0985,0.5503
2023-01-01,12,0.0,75.0,25.0,0.25,0.433,9.09,69.55,21.36,0.1227,0.4888
2023-02-01,10,0.0,70.0,30.0,0.3,0.4583,19.05,62.62,18.33,-0.0071,0.4621
2023-03-01,7,57.142857142857146,42.857142857142854,0.0,-0.5714,0.4949,38.59,49.11,12.3,-0.2629,0.5253
2023-05-01,29,58.62068965517241,34.48275862068966,6.896551724137931,-0.5172,0.6226,55.25,31.34,13.41,-0.4184,0.6717
2023-06-01,6,50.0,16.666666666666668,33.333333333333336,-0.1667,0.8975,57.42,29.17,13.41,-0.4401,0.667
2023-08-01,11,63.63636363636363,36.36363636363637,0.0,-0.6364,0.481,46.97,35.86,17.17,-0.298,0.6822
2023-09-01,11,27.272727272727273,54.54545454545455,18.181818181818183,-0.0909,0.668,44.72,47.42,7.86,-0.3686,0.5783
2023-11-01,37,43.24324324324324,51.351351351351354,5.405405405405405,-0.3784,0.5859,44.14,46.41,9.45,-0.3469,0.6124
2023-12-01,21,61.904761904761905,33.333333333333336,4.761904761904762,-0.5714,0.5832,68.38,28.23,3.39,-0.6499,0.3897
2024-01-01,1,100.0,0.0,0.0,-1.0,0.0,53.97,27.78,18.25,-0.3571,0.3611
2024-03-01,2,0.0,50.0,50.0,0.5,0.5,50.0,33.33,16.67,-0.3333,0.3333
2024-04-01,2,50.0,50.0,0.0,-0.5,0.5,27.78,55.56,16.67,-0.1111,0.4905
2024-07-01,3,33.333333333333336,66.66666666666667,0.0,-0.3333,0.4714,50.93,47.22,1.85,-0.4907,0.5187
2024-10-01,36,69.44444444444444,25.0,5.555555555555555,-0.6389,0.5847,51.91,42.32,5.77,-0.4613,0.5824
2024-11-01,17,52.94117647058823,35.294117647058826,11.764705882352942,-0.4118,0.691,44.8,32.1,23.11,-0.2169,0.6562
2024-12-01,25,12.0,36.0,52.0,0.4,0.6928,24.98,30.43,44.59,0.1961,0.6824
2025-02-01,20,10.0,20.0,70.0,0.6,0.6633,7.33,32.0,60.67,0.5333,0.6153
2025-03-01,10,0.0,40.0,60.0,0.6,0.4899,7.5,45.0,47.5,0.4,0.5511
2025-04-01,8,12.5,75.0,12.5,0.0,0.5,24.17,45.0,30.83,0.0667,0.5966
2025-06-01,10,60.0,20.0,20.0,-0.4,0.8,24.17,42.78,33.06,0.0889,0.5905
2025-07-01,12,0.0,33.333333333333336,66.66666666666667,0.6667,0.4714,32.7,28.89,38.41,0.0572,0.6941
2025-08-01,63,38.095238095238095,33.333333333333336,28.571428571428573,-0.0952,0.8109,20.27,41.92,37.81,0.1753,0.6401
2025-09-01,22,22.727272727272727,59.09090909090909,18.181818181818183,-0.0455,0.638,34.56,40.33,25.11,-0.0945,0.7606
2025-10-01,21,42.857142857142854,28.571428571428573,28.571428571428573,-0.1429,0.833,34.68,34.35,30.97,-0.0372,0.7959
2025-11-01,13,38.46153846153846,15.384615384615385,46.15384615384615,0.0769,0.9166,42.58,24.97,32.45,-0.1014,0.8486
2025-12-01,84,46.42857142857143,30.952380952380953,22.61904761904762,-0.2381,0.7961,42.84,29.39,27.77,-0.1507,0.8059
2026-01-01,282,43.61702127659574,41.843971631205676,14.539007092198581,-0.2908,0.705,44.76,33.88,21.36,-0.234,0.7756
2026-03-01,52,44.23076923076923,28.846153846153847,26.923076923076923,-0.1731,0.8256,45.07,32.34,22.59,-0.2248,0.7876
2026-04-01,19,47.36842105263158,26.31578947368421,26.31578947368421,-0.2105,0.8322,45.8,27.58,26.62,-0.1918,0.8289
